popularity range,popularity,year,valence,acousticness,danceability,duration_ms,energy,instrumentalness,liveness,loudness,speechiness,tempo,Rank
Below 20,4.8599183883537975,1947.973145356959,0.5088244894511433,0.8172332088396074,0.5005040438203073,214919.6604109992,0.2949703333063745,0.29576791407745756,0.21881488861113152,-14.70990065068745,0.1470200591868245,110.63963743474744,9348.882931402102
21-40,31.1568803752932,1978.2665559030493,0.5557792415949961,0.42446577841927285,0.5260978733385457,240557.93788115715,0.522283991028147,0.13487293807603598,0.21140589913995309,-11.559090598123532,0.06665302775605941,118.90877333854573,11730.47390539484
41-60,49.38240256968021,1996.9466140803838,0.5297276356299173,0.3113173179741406,0.5640485820000407,241551.12299497856,0.6029715144076927,0.09613728643009616,0.193752116733416,-9.042479172172639,0.0785548029030881,120.26975510784932,8116.487344731546
61-80,67.11009054784705,2007.9741384926062,0.5055439613054524,0.26447967157644453,0.6153512670184352,222724.8150609081,0.6226205043384795,0.05039275785290861,0.1815487850954335,-7.623288385121491,0.09521730831867631,120.9888852843463,2780.3724187349358
Above 80,84.27504553734062,2016.0418943533698,0.49519453551912573,0.25054838069216756,0.6781930783242258,203792.21857923496,0.6121561020036429,0.013028560710382513,0.1632510018214936,-6.540593806921676,0.10372331511839708,121.89401092896176,114.91621129326047
